FECHA,NUMERO_CUENTA,TITULAR,MONTO,TIPO,ESTADO
2025-10-22 21:45:04,CC-001,Juan Pérez,1000,00,DEPOSITO,Éxito
2025-10-22 21:45:04,CC-001,Juan Pérez,500,00,RETIRO,Éxito - Comisión aplicada: $2.5
2025-10-22 21:45:04,CC-001,Juan Pérez,2,50,COMISION,Comisión por retiro
2025-10-22 21:45:04,CA-001,María García,1000,00,DEPOSITO,Éxito
2025-10-22 21:45:04,CA-001,María García,500,00,RETIRO,Éxito
2025-10-22 21:45:04,CA-001,María García,210,00,INTERESES,Intereses generados
2025-10-22 21:45:04,CE-001,Empresa XYZ,1000,00,DEPOSITO,Éxito
2025-10-22 21:45:04,CE-001,Empresa XYZ,500,00,RETIRO,Éxito
2025-10-22 21:45:04,TEST-001,Test User,500,00,RETIRO,Fallo - Saldo insuficiente con comisión
